year	exchange_rate
1980	801.25
1980	799.5
1980	803.0
1980	803.5
1980	801.0
1980	801.75
1980	803.75
1980	803.25
1980	804.75
1980	807.25
1980	806.5
1980	806.6
1980	807.75
1980	809.25
1980	808.25
1980	807.5
1980	806.0
1980	807.0
1980	806.75
1980	805.25
1980	803.8
1980	805.5
1980	806.25
1980	808.5
1980	808.75
1980	809.0
1980	812.3
1980	815.0
1980	815.25
1980	816.5
1980	814.75
1980	820.75
1980	827.0
1980	830.35
1980	838.5
1980	839.75
1980	844.25
1980	855.15
1980	870.25
1980	874.0
1980	872.25
1980	869.4
1980	873.75
1980	879.75
1980	881.25
1980	878.5
1980	888.25
1980	898.25
1980	912.0
1980	904.0
1980	908.0
1980	910.0
1980	872.0
1980	875.25
1980	873.0
1980	881.5
1980	882.0
1980	871.5
1980	869.0
1980	868.5
1980	870.75
1980	864.25
1980	852.0
1980	846.0
1980	845.5
1980	851.25
1980	843.25
1980	841.0
1980	844.75
1980	849.75
1980	846.25
1980	847.5
1980	842.5
1980	840.25
1980	834.25
1980	839.0
1980	834.75
1980	833.25
1980	830.25
1980	829.0
1980	833.0
1980	836.25
1980	836.0
1980	835.0
1980	837.0
1980	837.25
1980	838.0
1980	840.0
1980	838.7
1980	842.0
1980	838.25
1980	834.0
1980	828.25
1980	828.8
1980	830.75
1980	830.5
1980	831.75
1980	831.5
1980	828.5
1980	827.25
1980	826.5
1980	825.25
1980	825.8
1980	830.0
1980	832.75
1980	843.35
1980	837.75
1980	835.5
1980	838.75
1980	841.5
1980	843.0
1980	840.5
1980	850.0
1980	851.5
1980	851.0
1980	857.75
1980	857.25
1980	852.25
1980	850.25
1980	848.0
1980	845.25
1980	847.25
1980	845.0
1980	846.5
1980	845.75
1980	847.0
1980	848.3
1980	847.75
1980	848.75
1980	853.75
1980	854.0
1980	860.5
1980	855.75
1980	856.0
1980	862.0
1980	859.5
1980	860.75
1980	862.5
1980	856.75
1980	859.75
1980	860.0
1980	858.75
1980	861.0
1980	868.05
1980	865.25
1980	871.75
1980	876.75
1980	883.5
1980	884.25
1980	881.75
1980	885.25
1980	889.0
1980	895.0
1980	896.0
1980	893.0
1980	907.25
1980	904.75
1980	914.0
1980	921.0
1980	917.75
1980	891.0
1980	902.0
1980	896.75
1980	902.5
1980	914.25
1980	907.5
1980	905.5
1980	914.5
1980	911.0
1980	912.5
1980	915.5
1980	915.25
1980	923.25
1980	921.5
1980	922.0
1980	929.5
1980	938.0
1980	946.75
1980	958.0
1980	956.25
1980	935.0
1980	952.75
1980	950.75
1980	945.5
1980	945.0
1980	936.5
1980	922.75
1980	923.0
1980	928.0
1980	925.5
1980	930.5
1981	936.5
1981	928.75
1981	919.0
1981	923.25
1981	932.25
1981	934.75
1981	938.0
1981	950.0
1981	947.5
1981	950.5
1981	958.25
1981	951.05
1981	953.0
1981	946.25
1981	955.5
1981	963.5
1981	972.25
1981	978.0
1981	988.25
1981	991.75
1981	1002.75
1981	999.5
1981	1019.0
1981	1011.0
1981	1006.5
1981	1015.25
1981	1013.0
1981	1014.25
1981	1018.0
1981	1028.25
1981	1038.0
1981	1062.0
1981	1003.5
1981	1008.5
1981	1008.0
1981	1012.0
1981	1020.25
1981	1025.75
1981	1036.5
1981	1046.0
1981	1023.5
1981	1030.0
1981	1037.0
1981	1031.5
1981	1022.0
1981	1024.0
1981	1024.75
1981	1024.5
1981	1019.75
1981	1014.0
1981	1007.5
1981	999.0
1981	1010.4
1981	1040.0
1981	1042.0
1981	1041.0
1981	1044.25
1981	1059.5
1981	1058.75
1981	1047.95
1981	1045.75
1981	1060.0
1981	1069.25
1981	1068.25
1981	1057.5
1981	1065.0
1981	1069.0
1981	1082.0
1981	1077.75
1981	1081.5
1981	1087.75
1981	1089.0
1981	1087.25
1981	1083.75
1981	1082.25
1981	1086.25
1981	1085.25
1981	1090.0
1981	1098.0
1981	1102.0
1981	1114.0
1981	1129.25
1981	1124.5
1981	1128.25
1981	1122.5
1981	1132.25
1981	1138.5
1981	1138.25
1981	1148.5
1981	1142.75
1981	1141.25
1981	1142.25
1981	1140.5
1981	1147.0
1981	1151.0
1981	1149.5
1981	1163.75
1981	1160.5
1981	1157.0
1981	1157.5
1981	1174.25
1981	1173.75
1981	1208.0
1981	1206.0
1981	1194.75
1981	1179.25
1981	1168.0
1981	1167.75
1981	1178.0
1981	1180.25
1981	1174.5
1981	1185.0
1981	1186.75
1981	1198.5
1981	1202.0
1981	1201.25
1981	1225.0
1981	1225.5
1981	1208.5
1981	1220.25
1981	1210.0
1981	1203.75
1981	1209.25
1981	1223.75
1981	1217.5
1981	1214.0
1981	1215.0
1981	1216.25
1981	1216.5
1981	1226.5
1981	1224.25
1981	1240.5
1981	1245.0
1981	1243.25
1981	1244.5
1981	1253.0
1981	1271.0
1981	1268.25
1981	1252.0
1981	1258.0
1981	1233.0
1981	1245.5
1981	1237.5
1981	1231.0
1981	1226.0
1981	1248.0
1981	1239.75
1981	1233.5
1981	1232.25
1981	1227.0
1981	1218.25
1981	1213.75
1981	1216.1
1981	1211.0
1981	1217.25
1981	1210.75
1981	1207.25
1981	1188.25
1981	1152.0
1981	1154.0
1981	1134.5
1981	1153.25
1981	1155.75
1981	1177.0
1981	1188.0
1981	1168.5
1981	1177.5
1981	1183.0
1981	1171.5
1981	1181.0
1981	1184.25
1981	1163.5
1981	1176.4
1981	1185.5
1981	1176.0
1981	1190.0
1981	1198.75
1981	1225.25
1981	1220.5
1981	1218.0
1981	1216.0
1981	1187.5
1981	1188.5
1981	1179.0
1981	1182.25
1981	1175.5
1981	1186.0
1981	1183.5
1981	1181.5
1981	1183.25
1981	1195.25
1981	1196.75
1981	1199.5
1981	1189.25
1981	1198.25
1981	1207.0
1981	1196.5
1981	1193.25
1981	1191.5
1981	1193.0
1981	1182.0
1981	1189.0
1981	1195.5
1981	1196.0
1981	1192.0
1981	1195.75
1981	1204.5
1981	1205.75
1981	1209.0
1981	1224.5
1981	1215.75
1981	1212.5
1981	1213.0
1981	1221.75
1981	1217.0
1981	1211.5
1981	1213.5
1981	1210.25
1981	1210.3
1981	1208.25
1981	1200.0
1982	1193.0
1982	1204.75
1982	1202.5
1982	1210.5
1982	1210.0
1982	1215.75
1982	1228.0
1982	1222.0
1982	1234.0
1982	1232.0
1982	1225.0
1982	1233.75
1982	1235.5
1982	1234.5
1982	1250.5
1982	1251.5
1982	1237.5
1982	1247.75
1982	1238.0
1982	1253.25
1982	1263.75
1982	1254.5
1982	1256.5
1982	1251.3
1982	1255.75
1982	1268.25
1982	1264.5
1982	1261.75
1982	1272.0
1982	1279.25
1982	1278.5
1982	1273.75
1982	1272.25
1982	1261.5
1982	1260.0
1982	1266.0
1982	1267.25
1982	1276.0
1982	1281.0
1982	1280.5
1982	1276.5
1982	1275.0
1982	1265.75
1982	1262.5
1982	1274.0
1982	1275.5
1982	1275.25
1982	1280.0
1982	1286.75
1982	1287.0
1982	1292.5
1982	1312.5
1982	1314.75
1982	1306.0
1982	1316.5
1982	1321.25
1982	1322.25
1982	1322.0
1982	1324.0
1982	1325.5
1982	1323.5
1982	1329.75
1982	1328.5
1982	1328.25
1982	1332.5
1982	1334.5
1982	1329.0
1982	1319.5
1982	1321.75
1982	1322.5
1982	1310.0
1982	1312.25
1982	1302.25
1982	1303.25
1982	1295.5
1982	1290.25
1982	1297.25
1982	1290.0
1982	1281.75
1982	1274.75
1982	1270.5
1982	1266.75
1982	1265.25
1982	1273.5
1982	1284.0
1982	1272.75
1982	1285.75
1982	1288.0
1982	1277.5
1982	1274.5
1982	1277.25
1982	1281.5
1982	1292.25
1982	1300.25
1982	1311.0
1982	1320.0
1982	1313.0
1982	1308.0
1982	1319.0
1982	1318.25
1982	1332.25
1982	1333.0
1982	1324.5
1982	1364.0
1982	1366.5
1982	1374.75
1982	1380.0
1982	1398.0
1982	1399.25
1982	1387.5
1982	1401.5
1982	1393.5
1982	1383.25
1982	1385.0
1982	1388.75
1982	1409.5
1982	1404.5
1982	1396.25
1982	1378.75
1982	1394.5
1982	1393.75
1982	1379.25
1982	1379.5
1982	1368.5
1982	1367.5
1982	1350.0
1982	1350.5
1982	1359.0
1982	1365.5
1982	1376.0
1982	1363.75
1982	1359.75
1982	1384.75
1982	1384.0
1982	1400.25
1982	1392.25
1982	1408.0
1982	1395.0
1982	1407.75
1982	1396.5
1982	1384.5
1982	1386.75
1982	1373.5
1982	1369.25
1982	1377.5
1982	1385.75
1982	1407.5
1982	1387.75
1982	1398.4
1982	1392.75
1982	1402.25
1982	1418.25
1982	1412.75
1982	1407.0
1982	1415.25
1982	1408.5
1982	1405.0
1982	1409.75
1982	1406.0
1982	1416.25
1982	1427.5
1982	1422.5
1982	1420.5
1982	1433.5
1982	1435.75
1982	1433.0
1982	1430.25
1982	1425.0
1982	1423.0
1982	1420.75
1982	1430.5
1982	1437.25
1982	1432.0
1982	1436.5
1982	1442.0
1982	1444.0
1982	1443.75
1982	1455.5
1982	1452.25
1982	1450.5
1982	1459.0
1982	1462.5
1982	1475.5
1982	1475.75
1982	1484.75
1982	1485.5
1982	1476.75
1982	1487.25
1982	1488.0
1982	1481.5
1982	1475.0
1982	1477.0
1982	1468.0
1982	1461.25
1982	1470.0
1982	1461.5
1982	1451.5
1982	1459.5
1982	1440.25
1982	1437.0
1982	1421.25
1982	1425.75
1982	1410.75
1982	1399.0
1982	1391.75
1982	1412.0
1982	1415.0
1982	1425.5
1982	1411.25
1982	1404.25
1982	1400.0
1982	1398.25
1982	1390.0
1982	1385.25
1982	1386.0
1982	1382.0
1982	1376.25
1982	1366.0
1982	1364.5
1982	1367.25
1982	1370.0
1983	1368.25
1983	1358.5
1983	1355.25
1983	1353.75
1983	1353.5
1983	1343.25
1983	1345.5
1983	1350.0
1983	1345.75
1983	1356.0
1983	1355.0
1983	1372.5
1983	1386.25
1983	1395.5
1983	1421.75
1983	1403.25
1983	1404.0
1983	1404.5
1983	1408.0
1983	1417.75
1983	1418.25
1983	1425.25
1983	1423.75
1983	1400.0
1983	1396.0
1983	1389.5
1983	1385.25
1983	1393.5
1983	1379.75
1983	1388.0
1983	1378.25
1983	1387.5
1983	1380.75
1983	1383.25
1983	1399.5
1983	1394.25
1983	1395.0
1983	1398.5
1983	1409.25
1983	1402.0
1983	1401.75
1983	1403.75
1983	1398.25
1983	1415.75
1983	1427.0
1983	1427.25
1983	1429.0
1983	1424.0
1983	1407.5
1983	1419.5
1983	1423.5
1983	1433.5
1983	1440.0
1983	1444.5
1983	1439.5
1983	1443.25
1983	1450.0
1983	1449.25
1983	1444.25
1983	1440.75
1983	1436.5
1983	1438.5
1983	1445.0
1983	1442.0
1983	1443.0
1983	1445.5
1983	1452.5
1983	1451.75
1983	1459.5
1983	1461.25
1983	1457.75
1983	1459.0
1983	1461.5
1983	1467.0
1983	1463.0
1983	1458.25
1983	1456.75
1983	1451.25
1983	1455.25
1983	1453.75
1983	1454.75
1983	1458.75
1983	1464.75
1983	1468.5
1983	1464.0
1983	1471.0
1983	1472.5
1983	1479.25
1983	1478.5
1983	1477.75
1983	1478.25
1983	1489.0
1983	1494.0
1983	1496.25
1983	1507.75
1983	1512.0
1983	1508.5
1983	1520.25
1983	1525.25
1983	1516.5
1983	1507.5
1983	1516.0
1983	1525.5
1983	1508.75
1983	1512.75
1983	1496.0
1983	1497.75
1983	1497.5
1983	1492.0
1983	1515.0
1983	1506.25
1983	1508.25
1983	1504.0
1983	1513.25
1983	1521.5
1983	1521.25
1983	1523.25
1983	1529.75
1983	1532.75
1983	1528.75
1983	1536.75
1983	1533.75
1983	1534.75
1983	1527.0
1983	1518.75
1983	1531.5
1983	1546.0
1983	1539.25
1983	1552.0
1983	1555.0
1983	1578.5
1983	1575.0
1983	1591.75
1983	1597.75
1983	1620.25
1983	1588.25
1983	1573.25
1983	1566.5
1983	1580.5
1983	1575.5
1983	1562.5
1983	1574.5
1983	1586.25
1983	1614.75
1983	1604.5
1983	1600.25
1983	1595.25
1983	1607.75
1983	1593.5
1983	1599.0
1983	1604.75
1983	1605.0
1983	1601.0
1983	1596.75
1983	1596.0
1983	1602.5
1983	1611.75
1983	1601.5
1983	1607.0
1983	1597.5
1983	1603.0
1983	1598.75
1983	1589.0
1983	1574.75
1983	1568.5
1983	1567.0
1983	1571.25
1983	1568.0
1983	1586.75
1983	1581.25
1983	1593.0
1983	1578.25
1983	1572.75
1983	1576.0
1983	1577.25
1983	1573.0
1983	1588.75
1983	1583.5
1983	1590.0
1983	1595.0
1983	1592.75
1983	1597.25
1983	1610.0
1983	1606.75
1983	1616.75
1983	1626.0
1983	1624.5
1983	1621.75
1983	1615.0
1983	1616.25
1983	1621.25
1983	1618.25
1983	1629.25
1983	1633.0
1983	1637.0
1983	1633.75
1983	1629.0
1983	1638.0
1983	1642.75
1983	1639.0
1983	1647.5
1983	1634.0
1983	1634.5
1983	1636.75
1983	1651.0
1983	1656.5
1983	1656.75
1983	1665.75
1983	1666.25
1983	1669.5
1983	1676.75
1983	1672.25
1983	1680.0
1983	1678.5
1983	1679.0
1983	1682.0
1983	1681.0
1983	1677.0
1983	1675.0
1983	1671.75
1983	1665.0
1983	1659.5
1984	1660.4
1984	1669.0
1984	1690.5
1984	1694.75
1984	1702.0
1984	1711.5
1984	1712.25
1984	1721.25
1984	1717.0
1984	1710.0
1984	1699.75
1984	1703.5
1984	1718.75
1984	1716.0
1984	1710.05
1984	1715.25
1984	1714.25
1984	1707.25
1984	1692.0
1984	1688.75
1984	1689.5
1984	1690.0
1984	1682.25
1984	1691.0
1984	1685.0
1984	1688.25
1984	1664.75
1984	1656.25
1984	1660.5
1984	1663.5
1984	1674.0
1984	1653.0
1984	1648.5
1984	1636.25
1984	1619.0
1984	1620.0
1984	1602.5
1984	1595.75
1984	1582.75
1984	1599.5
1984	1602.0
1984	1608.6
1984	1584.25
1984	1608.25
1984	1621.5
1984	1636.0
1984	1635.0
1984	1645.0
1984	1634.25
1984	1630.25
1984	1617.25
1984	1608.75
1984	1619.5
1984	1610.5
1984	1618.75
1984	1609.5
1984	1622.5
1984	1623.75
1984	1618.5
1984	1628.75
1984	1629.0
1984	1620.25
1984	1618.25
1984	1622.25
1984	1631.25
1984	1630.5
1984	1633.75
1984	1637.75
1984	1646.5
1984	1654.75
1984	1660.0
1984	1672.25
1984	1681.0
1984	1687.0
1984	1687.25
1984	1677.5
1984	1717.71
1984	1716.05
1984	1716.25
1984	1706.75
1984	1700.0
1984	1698.0
1984	1687.75
1984	1696.85
1984	1708.5
1984	1703.875
1984	1691.625
1984	1689.9
1984	1704.725
1984	1688.6
1984	1687.725
1984	1692.375
1984	1689.75
1984	1689.8
1984	1675.0
1984	1656.75
1984	1660.875
1984	1665.95
1984	1665.55
1984	1672.0
1984	1670.1
1984	1686.875
1984	1686.525
1984	1687.7
1984	1697.65
1984	1701.65
1984	1705.425
1984	1701.875
1984	1720.75
1984	1720.55
1984	1718.7
1984	1720.015
1984	1714.0
1984	1724.5
1984	1716.025
1984	1722.5
1984	1727.45
1984	1727.25
1984	1739.0
1984	1736.65
1984	1733.75
1984	1744.0
1984	1751.75
1984	1746.5
1984	1737.0
1984	1747.45
1984	1750.625
1984	1756.0
1984	1755.5
1984	1762.1
1984	1768.25
1984	1761.125
1984	1748.975
1984	1761.775
1984	1782.475
1984	1780.375
1984	1788.25
1984	1785.1
1984	1772.0
1984	1764.0
1984	1792.5
1984	1791.02
1984	1786.75
1984	1770.75
1984	1793.2
1984	1785.0
1984	1765.0
1984	1770.0
1984	1775.25
1984	1783.25
1984	1785.5
1984	1774.8
1984	1777.425
1984	1778.75
1984	1789.55
1984	1785.6
1984	1789.525
1984	1789.15
1984	1797.25
1984	1802.5
1984	1815.25
1984	1819.5
1984	1831.5
1984	1839.95
1984	1848.825
1984	1842.875
1984	1861.75
1984	1866.425
1984	1909.125
1984	1904.5
1984	1907.525
1984	1948.75
1984	1877.5
1984	1905.875
1984	1918.0
1984	1886.0
1984	1883.25
1984	1885.375
1984	1887.25
1984	1871.625
1984	1884.125
1984	1882.15
1984	1886.95
1984	1902.625
1984	1915.875
1984	1919.25
1984	1917.5
1984	1933.625
1984	1934.15
1984	1917.05
1984	1930.0
1984	1906.25
1984	1908.25
1984	1898.775
1984	1878.625
1984	1876.25
1984	1883.5
1984	1900.625
1984	1895.75
1984	1880.875
1984	1838.625
1984	1832.725
1984	1839.125
1984	1821.75
1984	1834.25
1984	1847.25
1984	1840.0
1984	1826.25
1984	1834.425
1984	1845.325
1984	1843.275
1984	1850.6
1984	1862.0
1984	1873.5
1984	1863.55
1984	1874.0
1984	1895.55
1984	1893.25
1984	1910.6
1984	1910.75
1984	1924.2
1984	1913.25
1984	1896.0
1984	1905.0
1984	1897.0
1984	1908.35
1984	1902.45
1984	1906.8
1984	1905.65
1984	1914.95
1984	1907.825
1984	1906.75
1984	1905.375
1984	1911.28
1984	1923.5
1984	1924.0
1984	1933.0
1984	1923.35
1984	1935.875
1985	1950.875
1985	1948.9
1985	1944.75
1985	1929.5
1985	1946.75
1985	1938.4
1985	1937.5
1985	1945.175
1985	1959.5
1985	1953.0
1985	1956.71
1985	1949.7
1985	1947.0
1985	1947.1
1985	1956.975
1985	1951.2
1985	1949.975
1985	1954.025
1985	1951.625
1985	1954.375
1985	1956.875
1985	1967.65
1985	1976.45
1985	1983.05
1985	1985.7
1985	1995.0
1985	2003.4
1985	2016.15
1985	2025.775
1985	2027.95
1985	2021.0
1985	2027.775
1985	2044.7
1985	2052.525
1985	2072.35
1985	2106.15
1985	2151.55
1985	2167.95
1985	2071.0
1985	2069.35
1985	2085.25
1985	2099.15
1985	2127.75
1985	2138.25
1985	2123.8
1985	2135.125
1985	2096.5
1985	2095.75
1985	2101.85
1985	2123.95
1985	2138.9
1985	2130.5
1985	2082.5
1985	2068.25
1985	2073.5
1985	2044.25
1985	2050.0
1985	2054.5
1985	2016.75
1985	1991.375
1985	1979.25
1985	1974.5
1985	2003.0
1985	1988.75
1985	2012.625
1985	2019.6
1985	2010.2
1985	2005.5
1985	1983.0
1985	1936.75
1985	1926.4
1985	1933.9
1985	1945.225
1985	1906.5
1985	1907.875
1985	1941.5
1985	2004.5
1985	2012.6
1985	1991.0
1985	2013.5
1985	2028.7
1985	2058.0
1985	2023.75
1985	2025.5
1985	1996.75
1985	1991.05
1985	1968.75
1985	1954.9
1985	1965.55
1985	1977.25
1985	1968.875
1985	1939.7
1985	1951.75
1985	1963.35
1985	1978.35
1985	1969.9
1985	1975.0
1985	1984.25
1985	1982.45
1985	1963.375
1985	1971.0
1985	1943.35
1985	1944.55
1985	1957.45
1985	1951.6
1985	1953.4
1985	1974.9
1985	1966.625
1985	1960.0
1985	1973.1
1985	1955.0
1985	1955.275
1985	1942.55
1985	1922.5
1985	1941.25
1985	1967.725
1985	1952.25
1985	1956.4
1985	1953.15
1985	1949.95
1985	1934.375
1985	1946.85
1985	1938.5
1985	1934.8
1985	1919.3
1985	1902.0
1985	1880.25
1985	1893.375
1985	1877.75
1985	1862.875
1985	1868.25
1985	1847.6
1985	1839.7
1985	2200.0
1985	1918.15
1985	1907.8
1985	1919.125
1985	1915.75
1985	1921.505
1985	1895.475
1985	1900.8
1985	1871.25
1985	1871.55
1985	1896.275
1985	1891.0
1985	1898.75
1985	1904.375
1985	1896.0
1985	1896.075
1985	1878.75
1985	1865.0
1985	1871.0
1985	1854.4
1985	1851.7
1985	1854.2
1985	1865.05
1985	1847.025
1985	1852.9
1985	1852.05
1985	1863.875
1985	1860.45
1985	1862.5
1985	1867.9
1985	1891.1
1985	1901.075
1985	1900.95
1985	1899.485
1985	1934.875
1985	1960.5
1985	1958.0
1985	1954.25
1985	1973.625
1985	1950.0
1985	1948.85
1985	1930.25
1985	1950.5
1985	1954.7
1985	1938.75
1985	1831.5
1985	1830.0
1985	1835.0
1985	1794.0
1985	1805.375
1985	1804.625
1985	1810.575
1985	1787.6
1985	1763.9
1985	1778.995
1985	1785.5
1985	1784.375
1985	1791.5
1985	1795.1
1985	1792.75
1985	1797.05
1985	1808.75
1985	1799.125
1985	1779.45
1985	1776.5
1985	1782.75
1985	1778.775
1985	1787.0
1985	1785.2
1985	1785.325
1985	1776.75
1985	1766.85
1985	1767.05
1985	1752.55
1985	1762.3
1985	1757.25
1985	1752.0
1985	1767.85
1985	1772.75
1985	1770.95
1985	1762.35
1985	1764.0
1985	1765.25
1985	1771.25
1985	1762.8
1985	1755.225
1985	1750.625
1985	1745.7
1985	1732.725
1985	1736.0
1985	1723.75
1985	1713.0
1985	1706.5
1985	1703.0
1985	1724.0
1985	1723.25
1985	1721.0
1985	1723.0
1985	1728.05
1985	1732.0
1985	1720.375
1985	1717.5
1985	1720.075
1985	1714.3
1985	1712.75
1985	1719.75
1985	1717.25
1985	1710.225
1985	1710.625
1985	1697.5
1985	1678.5
1985	1678.0
1986	1668.75
1986	1681.375
1986	1663.5
1986	1667.25
1986	1683.5
1986	1676.25
1986	1688.875
1986	1687.75
1986	1683.45
1986	1674.5
1986	1681.0
1986	1684.625
1986	1675.125
1986	1677.25
1986	1669.675
1986	1653.4
1986	1634.2
1986	1636.975
1986	1624.75
1986	1631.375
1986	1628.75
1986	1627.45
1986	1642.65
1986	1635.65
1986	1624.0
1986	1631.25
1986	1623.0
1986	1618.25
1986	1607.0
1986	1603.5
1986	1605.34
1986	1594.975
1986	1600.55
1986	1572.95
1986	1567.325
1986	1575.375
1986	1555.0
1986	1533.5
1986	1527.0
1986	1510.45
1986	1511.4
1986	1502.5
1986	1511.55
1986	1527.25
1986	1525.0
1986	1544.15
1986	1545.6
1986	1541.725
1986	1551.625
1986	1538.0
1986	1527.375
1986	1529.25
1986	1538.275
1986	1531.25
1986	1532.505
1986	1556.0
1986	1576.275
1986	1599.25
1986	1576.15
1986	1580.75
1986	1587.75
1986	1608.4
1986	1620.0
1986	1645.45
1986	1607.65
1986	1596.325
1986	1599.0
1986	1580.5
1986	1586.125
1986	1596.375
1986	1553.5
1986	1532.75
1986	1524.0
1986	1513.375
1986	1500.5
1986	1496.85
1986	1503.7
1986	1491.125
1986	1492.8
1986	1501.0
1986	1514.275
1986	1499.85
1986	1523.65
1986	1513.75
1986	1494.0
1986	1497.25
1986	1490.575
1986	1493.45
1986	1505.075
1986	1501.875
1986	1517.775
1986	1527.125
1986	1523.0
1986	1541.7
1986	1552.9
1986	1560.075
1986	1564.5
1986	1571.75
1986	1558.95
1986	1566.35
1986	1584.8
1986	1568.7
1986	1554.25
1986	1546.825
1986	1532.875
1986	1536.825
1986	1531.9
1986	1517.0
1986	1521.125
1986	1525.9
1986	1508.15
1986	1525.725
1986	1528.325
1986	1530.05
1986	1539.05
1986	1555.125
1986	1529.49
1986	1522.85
1986	1523.5
1986	1521.825
1986	1510.95
1986	1500.125
1986	1500.225
1986	1490.275
1986	1491.75
1986	1489.525
1986	1491.5
1986	1495.1
1986	1493.0
1986	1497.575
1986	1503.75
1986	1483.5
1986	1478.0
1986	1476.325
1986	1476.825
1986	1462.025
1986	1459.65
1986	1460.4
1986	1461.875
1986	1475.125
1986	1467.125
1986	1454.125
1986	1455.85
1986	1439.125
1986	1430.2
1986	1429.775
1986	1444.1
1986	1432.96
1986	1422.9
1986	1426.4
1986	1425.55
1986	1424.2
1986	1417.875
1986	1419.925
1986	1425.15
1986	1412.975
1986	1416.5
1986	1407.0
1986	1407.275
1986	1409.505
1986	1420.225
1986	1412.75
1986	1415.2
1986	1400.1
1986	1399.725
1986	1405.075
1986	1398.625
1986	1401.5
1986	1423.125
1986	1423.6
1986	1421.4
1986	1426.375
1986	1433.075
1986	1411.25
1986	1414.625
1986	1406.1
1986	1388.225
1986	1379.55
1986	1400.425
1986	1413.0
1986	1410.675
1986	1416.43
1986	1411.6
1986	1400.95
1986	1395.5
1986	1402.0
1986	1398.75
1986	1388.75
1986	1379.375
1986	1390.675
1986	1385.25
1986	1383.1
1986	1383.75
1986	1370.75
1986	1370.625
1986	1369.15
1986	1365.75
1986	1366.25
1986	1370.47
1986	1379.835
1986	1371.75
1986	1378.35
1986	1399.525
1986	1409.55
1986	1404.875
1986	1401.325
1986	1395.475
1986	1427.5
1986	1432.275
1986	1422.0
1986	1427.025
1986	1429.305
1986	1426.875
1986	1415.15
1986	1406.0
1986	1401.025
1986	1399.5
1986	1393.35
1986	1392.0
1986	1398.15
1986	1394.45
1986	1389.9
1986	1395.425
1986	1401.125
1986	1391.575
1986	1377.75
1986	1378.9
1986	1370.275
1986	1359.95
1986	1370.35
1986	1373.325
1986	1372.0
1986	1383.6
1986	1393.75
1986	1399.1
1986	1393.95
1986	1402.675
1986	1396.25
1986	1401.45
1986	1397.775
1986	1395.0
1986	1391.75
1986	1377.8
1986	1367.875
1986	1365.25
1986	1354.0
1986	1358.125
1986	1351.1
1987	1336.95
1987	1341.05
1987	1350.1
1987	1349.8
1987	1335.25
1987	1325.075
1987	1303.85
1987	1314.9
1987	1290.925
1987	1305.8
1987	1317.0
1987	1297.225
1987	1292.525
1987	1294.125
1987	1295.0
1987	1261.975
1987	1270.3
1987	1288.375
1987	1294.825
1987	1277.95
1987	1290.85
1987	1304.725
1987	1320.15
1987	1321.625
1987	1291.98
1987	1292.55
1987	1305.25
1987	1290.6
1987	1289.815
1987	1300.3
1987	1313.625
1987	1302.7
1987	1299.75
1987	1307.625
1987	1297.35
1987	1297.725
1987	1299.8
1987	1299.7
1987	1303.65
1987	1301.45
1987	1310.3
1987	1304.575
1987	1315.925
1987	1319.58
1987	1320.0
1987	1319.55
1987	1318.1
1987	1309.8
1987	1301.775
1987	1304.15
1987	1302.5
1987	1295.425
1987	1290.1
1987	1299.55
1987	1305.125
1987	1299.2
1987	1287.7
1987	1286.925
1987	1295.975
1987	1302.0
1987	1294.525
1987	1299.66
1987	1298.255
1987	1309.175
1987	1303.975
1987	1292.575
1987	1289.575
1987	1286.0
1987	1290.05
1987	1295.175
1987	1291.0
1987	1289.65
1987	1297.975
1987	1298.2
1987	1282.1
1987	1273.375
1987	1281.1
1987	1287.0
1987	1278.7
1987	1273.875
1987	1264.05
1987	1272.9
1987	1272.28
1987	1294.275
1987	1299.825
1987	1292.7
1987	1296.6
1987	1296.5
1987	1293.65
1987	1287.4
1987	1292.2
1987	1283.2
1987	1289.0
1987	1286.25
1987	1290.625
1987	1297.45
1987	1315.25
1987	1310.5
1987	1314.3
1987	1325.85
1987	1311.475
1987	1307.085
1987	1315.775
1987	1312.75
1987	1303.075
1987	1304.37
1987	1295.7
1987	1302.325
1987	1303.39
1987	1319.025
1987	1315.9
1987	1322.35
1987	1319.575
1987	1319.6
1987	1325.1
1987	1332.925
1987	1317.73
1987	1323.0
1987	1322.85
1987	1325.55
1987	1326.43
1987	1321.2
1987	1324.375
1987	1330.025
1987	1333.1
1987	1330.9
1987	1335.815
1987	1329.8
1987	1334.75
1987	1337.025
1987	1333.95
1987	1337.75
1987	1327.475
1987	1337.5
1987	1346.3
1987	1345.25
1987	1345.15
1987	1344.16
1987	1342.225
1987	1338.455
1987	1344.1
1987	1342.76
1987	1346.75
1987	1344.0
1987	1347.425
1987	1359.125
1987	1360.05
1987	1364.5
1987	1364.2
1987	1371.15
1987	1374.0
1987	1375.9
1987	1370.2
1987	1372.1
1987	1359.0
1987	1341.95
1987	1336.9
1987	1323.575
1987	1320.28
1987	1322.4
1987	1318.35
1987	1318.3
1987	1314.2
1987	1311.5
1987	1309.125
1987	1304.05
1987	1298.35
1987	1299.1
1987	1298.75
1987	1308.7
1987	1308.9
1987	1310.6
1987	1311.95
1987	1307.95
1987	1312.12
1987	1305.975
1987	1307.2
1987	1311.75
1987	1319.8
1987	1313.7
1987	1314.4
1987	1317.3
1987	1327.5
1987	1326.175
1987	1330.325
1987	1327.85
1987	1330.275
1987	1323.175
1987	1317.675
1987	1315.675
1987	1308.35
1987	1308.275
1987	1314.67
1987	1314.89
1987	1300.7
1987	1300.875
1987	1284.85
1987	1297.5
1987	1302.9
1987	1310.275
1987	1302.98
1987	1278.925
1987	1284.81
1987	1268.8
1987	1266.6
1987	1278.45
1987	1267.675
1987	1262.775
1987	1261.05
1987	1253.875
1987	1237.645
1987	1235.0
1987	1220.775
1987	1226.95
1987	1241.45
1987	1246.575
1987	1255.775
1987	1245.0
1987	1245.775
1987	1235.25
1987	1234.345
1987	1228.225
1987	1237.925
1987	1229.85
1987	1227.375
1987	1224.775
1987	1208.85
1987	1219.9
1987	1222.175
1987	1217.775
1987	1220.7
1987	1231.35
1987	1222.5
1987	1224.45
1987	1205.4
1987	1198.25
1987	1199.875
1987	1202.45
1987	1196.0
1987	1196.75
1987	1198.05
1987	1199.0
1987	1204.5
1987	1199.6
1987	1182.025
1987	1172.0
1987	1178.405
1987	1169.25
1988	1166.25
1988	1187.65
1988	1206.125
1988	1215.4
1988	1203.35
1988	1203.825
1988	1196.6
1988	1204.845
1988	1201.45
1988	1235.575
1988	1234.75
1988	1220.7
1988	1222.58
1988	1227.775
1988	1230.42
1988	1231.325
1988	1231.175
1988	1230.18
1988	1234.875
1988	1243.875
1988	1243.405
1988	1243.24
1988	1247.375
1988	1244.26
1988	1253.325
1988	1253.305
1988	1248.0
1988	1252.375
1988	1256.275
1988	1261.2
1988	1260.65
1988	1255.825
1988	1257.95
1988	1253.995
1988	1247.125
1988	1247.7
1988	1251.93
1988	1244.95
1988	1244.4
1988	1245.175
1988	1244.45
1988	1250.025
1988	1249.325
1988	1243.05
1988	1234.6
1988	1232.825
1988	1234.725
1988	1233.35
1988	1228.35
1988	1239.05
1988	1245.85
1988	1252.925
1988	1251.075
1988	1252.73
1988	1254.725
1988	1249.1
1988	1244.025
1988	1233.0
1988	1234.3
1988	1236.17
1988	1230.9
1988	1232.3
1988	1231.125
1988	1237.575
1988	1246.95
1988	1243.0
1988	1249.17
1988	1249.625
1988	1254.9
1988	1254.16
1988	1235.3
1988	1235.525
1988	1237.3
1988	1235.975
1988	1239.4
1988	1242.95
1988	1243.65
1988	1247.825
1988	1242.73
1988	1241.975
1988	1250.55
1988	1248.3
1988	1251.295
1988	1249.33
1988	1251.325
1988	1248.85
1988	1249.265
1988	1249.875
1988	1252.7
1988	1250.755
1988	1253.585
1988	1254.31
1988	1265.62
1988	1261.635
1988	1263.325
1988	1264.25
1988	1261.85
1988	1263.77
1988	1268.325
1988	1271.25
1988	1280.525
1988	1279.95
1988	1281.525
1988	1288.0
1988	1283.4
1988	1279.475
1988	1273.1
1988	1274.075
1988	1278.59
1988	1278.14
1988	1282.175
1988	1282.775
1988	1299.315
1988	1299.86
1988	1301.33
1988	1302.225
1988	1304.92
1988	1312.1
1988	1330.33
1988	1331.645
1988	1353.475
1988	1334.18
1988	1352.95
1988	1351.775
1988	1351.3
1988	1353.955
1988	1354.125
1988	1352.675
1988	1348.26
1988	1351.0
1988	1364.75
1988	1364.95
1988	1364.945
1988	1368.78
1988	1374.53
1988	1400.125
1988	1383.565
1988	1370.85
1988	1367.175
1988	1352.1
1988	1360.05
1988	1371.725
1988	1383.75
1988	1370.625
1988	1386.445
1988	1385.575
1988	1378.55
1988	1384.825
1988	1386.375
1988	1391.08
1988	1401.805
1988	1399.625
1988	1418.7
1988	1406.8
1988	1396.25
1988	1398.525
1988	1406.4
1988	1405.7
1988	1404.1
1988	1417.3
1988	1411.47
1988	1406.38
1988	1398.025
1988	1386.925
1988	1386.475
1988	1390.25
1988	1392.0
1988	1397.2
1988	1397.0
1988	1381.31
1988	1380.9
1988	1376.5
1988	1383.675
1988	1378.675
1988	1379.15
1988	1379.55
1988	1384.575
1988	1400.625
1988	1398.5
1988	1394.3
1988	1392.825
1988	1395.7
1988	1396.995
1988	1401.405
1988	1408.2
1988	1402.98
1988	1402.075
1988	1402.59
1988	1400.3
1988	1390.975
1988	1386.125
1988	1390.475
1988	1388.99
1988	1392.7
1988	1383.295
1988	1379.275
1988	1373.625
1988	1366.375
1988	1358.685
1988	1351.1
1988	1349.85
1988	1347.0
1988	1343.9
1988	1334.05
1988	1333.55
1988	1338.195
1988	1333.845
1988	1319.77
1988	1326.4
1988	1316.45
1988	1324.225
1988	1318.655
1988	1323.795
1988	1326.955
1988	1324.75
1988	1319.575
1988	1310.85
1988	1297.875
1988	1303.96
1988	1298.375
1988	1298.705
1988	1279.455
1988	1295.05
1988	1290.755
1988	1284.84
1988	1279.55
1988	1276.3
1988	1276.0
1988	1286.825
1988	1284.425
1988	1284.31
1988	1279.65
1988	1281.435
1988	1273.865
1988	1276.055
1988	1290.315
1988	1284.025
1988	1283.295
1988	1285.4
1988	1287.975
1988	1286.96
1988	1297.95
1988	1295.55
1988	1309.51
1988	1306.475
1988	1306.53
1988	1309.775
1988	1308.145
1988	1320.2
1988	1315.255
1988	1305.765
1989	1305.02
1989	1300.33
1989	1311.42
1989	1315.755
1989	1345.785
1989	1340.57
1989	1338.6
1989	1340.3
1989	1350.075
1989	1359.705
1989	1354.17
1989	1363.25
1989	1369.605
1989	1356.0
1989	1353.575
1989	1338.825
1989	1351.425
1989	1355.095
1989	1366.8
1989	1363.14
1989	1368.655
1989	1369.825
1989	1372.005
1989	1365.88
1989	1356.405
1989	1343.25
1989	1363.025
1989	1354.2
1989	1352.85
1989	1343.895
1989	1351.875
1989	1359.005
1989	1351.69
1989	1346.0
1989	1347.25
1989	1339.5
1989	1349.48
1989	1355.83
1989	1357.85
1989	1358.88
1989	1358.22
1989	1364.0
1989	1362.245
1989	1368.525
1989	1363.725
1989	1367.125
1989	1369.305
1989	1369.22
1989	1371.495
1989	1371.995
1989	1376.075
1989	1374.595
1989	1374.995
1989	1372.57
1989	1377.3
1989	1382.225
1989	1389.555
1989	1387.22
1989	1388.13
1989	1386.975
1989	1372.5
1989	1375.1
1989	1372.55
1989	1372.595
1989	1377.725
1989	1379.925
1989	1381.45
1989	1375.485
1989	1377.525
1989	1365.15
1989	1368.23
1989	1364.96
1989	1365.025
1989	1358.6
1989	1360.94
1989	1371.02
1989	1375.3
1989	1381.16
1989	1382.69
1989	1381.5
1989	1385.58
1989	1386.425
1989	1395.225
1989	1390.625
1989	1394.65
1989	1397.63
1989	1416.15
1989	1407.6
1989	1415.1
1989	1442.9
1989	1434.575
1989	1460.395
1989	1455.115
1989	1456.005
1989	1450.305
1989	1423.1
1989	1453.705
1989	1452.21
1989	1438.925
1989	1445.185
1989	1430.28
1989	1419.23
1989	1444.5
1989	1430.95
1989	1437.8
1989	1448.6
1989	1463.35
1989	1457.92
1989	1462.625
1989	1475.825
1989	1459.0
1989	1439.755
1989	1429.955
1989	1441.95
1989	1422.05
1989	1415.575
1989	1413.85
1989	1414.155
1989	1420.345
1989	1415.43
1989	1412.75
1989	1400.79
1989	1393.3
1989	1383.2
1989	1369.005
1989	1356.1
1989	1363.905
1989	1363.37
1989	1362.03
1989	1371.85
1989	1386.905
1989	1393.6
1989	1376.125
1989	1383.63
1989	1372.3
1989	1377.475
1989	1365.795
1989	1358.43
1989	1346.025
1989	1351.25
1989	1344.475
1989	1342.625
1989	1331.45
1989	1336.0
1989	1350.5
1989	1376.375
1989	1365.45
1989	1364.4
1989	1356.625
1989	1387.755
1989	1393.245
1989	1396.505
1989	1400.725
1989	1408.07
1989	1408.15
1989	1403.74
1989	1396.125
1989	1408.025
1989	1407.675
1989	1409.05
1989	1397.1
1989	1390.85
1989	1406.905
1989	1413.5
1989	1418.275
1989	1426.45
1989	1417.77
1989	1426.22
1989	1421.45
1989	1429.12
1989	1420.95
1989	1419.725
1989	1413.9
1989	1418.85
1989	1417.455
1989	1411.75
1989	1404.28
1989	1402.58
1989	1401.025
1989	1376.475
1989	1377.0
1989	1359.35
1989	1370.005
1989	1365.225
1989	1369.17
1989	1372.82
1989	1372.75
1989	1376.35
1989	1388.775
1989	1381.0
1989	1382.37
1989	1400.645
1989	1398.32
1989	1395.0
1989	1357.125
1989	1371.5
1989	1360.25
1989	1355.625
1989	1364.2
1989	1364.075
1989	1355.75
1989	1351.575
1989	1352.0
1989	1356.655
1989	1347.625
1989	1356.95
1989	1352.52
1989	1357.03
1989	1349.895
1989	1345.445
1989	1349.2
1989	1352.425
1989	1361.4
1989	1358.77
1989	1349.45
1989	1355.775
1989	1355.105
1989	1353.525
1989	1338.0
1989	1331.375
1989	1337.93
1989	1326.875
1989	1323.35
1989	1326.325
1989	1314.325
1989	1318.725
1989	1313.9
1989	1311.745
1989	1315.075
1989	1311.225
1989	1304.25
1989	1305.575
1989	1295.375
1989	1284.25
1989	1295.18
1989	1295.75
1989	1288.1
1989	1292.275
1989	1300.425
1989	1292.425
1989	1281.125
1989	1267.745
1989	1259.625
1989	1270.5
1990	1265.0
1990	1286.48
1990	1282.57
1990	1267.745
1990	1256.45
1990	1256.5
1990	1252.405
1990	1258.3
1990	1254.5
1990	1255.5
1990	1273.705
1990	1262.995
1990	1266.1
1990	1276.19
1990	1278.255
1990	1269.295
1990	1256.005
1990	1256.425
1990	1255.4
1990	1244.01
1990	1247.97
1990	1253.005
1990	1249.67
1990	1249.905
1990	1246.25
1990	1230.5
1990	1233.03
1990	1238.875
1990	1242.755
1990	1252.55
1990	1244.77
1990	1245.87
1990	1256.225
1990	1242.95
1990	1241.22
1990	1234.8
1990	1237.915
1990	1240.205
1990	1246.795
1990	1250.395
1990	1250.225
1990	1263.125
1990	1266.005
1990	1253.12
1990	1252.89
1990	1256.825
1990	1255.455
1990	1257.175
1990	1260.35
1990	1266.99
1990	1264.195
1990	1263.15
1990	1254.0
1990	1244.745
1990	1246.705
1990	1257.75
1990	1261.6
1990	1256.875
1990	1259.04
1990	1260.125
1990	1258.405
1990	1252.725
1990	1249.175
1990	1252.945
1990	1250.505
1990	1248.65
1990	1251.53
1990	1248.225
1990	1241.9
1990	1242.355
1990	1234.75
1990	1233.2
1990	1231.005
1990	1235.045
1990	1234.425
1990	1229.325
1990	1235.125
1990	1245.25
1990	1244.765
1990	1228.855
1990	1234.475
1990	1231.35
1990	1236.605
1990	1234.05
1990	1231.15
1990	1217.87
1990	1214.99
1990	1208.58
1990	1206.05
1990	1206.48
1990	1207.205
1990	1207.35
1990	1212.225
1990	1206.07
1990	1213.3
1990	1220.4
1990	1228.225
1990	1222.4
1990	1228.425
1990	1233.8
1990	1234.45
1990	1229.875
1990	1229.82
1990	1243.75
1990	1246.87
1990	1251.2
1990	1247.435
1990	1239.945
1990	1245.625
1990	1245.4
1990	1242.895
1990	1242.325
1990	1243.55
1990	1236.68
1990	1242.495
1990	1238.505
1990	1230.2
1990	1230.905
1990	1232.75
1990	1231.69
1990	1229.535
1990	1229.415
1990	1219.15
1990	1225.68
1990	1226.3
1990	1216.805
1990	1216.325
1990	1207.775
1990	1210.28
1990	1212.67
1990	1207.645
1990	1203.775
1990	1206.52
1990	1216.195
1990	1205.005
1990	1212.85
1990	1208.695
1990	1203.825
1990	1205.28
1990	1202.2
1990	1198.905
1990	1189.65
1990	1188.725
1990	1188.58
1990	1188.14
1990	1180.09
1990	1167.4
1990	1165.405
1990	1185.525
1990	1166.12
1990	1153.54
1990	1153.85
1990	1165.82
1990	1167.255
1990	1171.075
1990	1156.575
1990	1159.58
1990	1150.82
1990	1145.425
1990	1149.105
1990	1161.4
1990	1159.95
1990	1152.25
1990	1158.8
1990	1145.775
1990	1144.895
1990	1148.23
1990	1163.805
1990	1159.35
1990	1177.255
1990	1173.195
1990	1168.1
1990	1158.9
1990	1164.095
1990	1175.915
1990	1188.27
1990	1183.48
1990	1186.655
1990	1171.75
1990	1161.555
1990	1162.405
1990	1162.25
1990	1169.375
1990	1176.395
1990	1167.275
1990	1166.655
1990	1175.405
1990	1173.03
1990	1170.635
1990	1162.35
1990	1166.605
1990	1162.175
1990	1149.0
1990	1150.58
1990	1149.87
1990	1146.47
1990	1145.145
1990	1147.99
1990	1140.48
1990	1142.7
1990	1144.045
1990	1128.1
1990	1131.695
1990	1128.325
1990	1129.23
1990	1137.085
1990	1136.555
1990	1128.5
1990	1134.755
1990	1130.85
1990	1139.855
1990	1138.7
1990	1128.375
1990	1122.0
1990	1118.775
1990	1116.655
1990	1121.95
1990	1113.96
1990	1112.55
1990	1112.28
1990	1115.225
1990	1107.725
1990	1111.45
1990	1108.66
1990	1111.8
1990	1114.255
1990	1118.4
1990	1115.895
1990	1108.78
1990	1118.32
1990	1129.95
1990	1131.25
1990	1130.895
1990	1124.375
1990	1125.705
1990	1118.825
1990	1110.405
1990	1111.775
1990	1110.705
1990	1113.05
1990	1117.425
1990	1123.25
1990	1124.22
1990	1119.29
1990	1126.28
1990	1141.55
1990	1159.7
1990	1155.9
1990	1138.725
1990	1130.145
1991	1125.33
1991	1124.42
1991	1123.41
1991	1154.05
1991	1152.125
1991	1149.39
1991	1155.38
1991	1163.225
1991	1160.67
1991	1161.68
1991	1143.73
1991	1140.54
1991	1128.355
1991	1118.47
1991	1126.2
1991	1115.7
1991	1115.88
1991	1118.065
1991	1114.245
1991	1119.505
1991	1117.62
1991	1111.525
1991	1101.825
1991	1099.255
1991	1095.55
1991	1094.225
1991	1097.755
1991	1094.825
1991	1094.47
1991	1096.675
1991	1101.375
1991	1107.02
1991	1112.71
1991	1119.375
1991	1118.95
1991	1116.275
1991	1115.905
1991	1131.075
1991	1136.195
1991	1138.55
1991	1136.625
1991	1149.15
1991	1149.645
1991	1141.5
1991	1152.795
1991	1153.065
1991	1162.55
1991	1173.625
1991	1171.47
1991	1175.505
1991	1176.745
1991	1183.2
1991	1207.005
1991	1209.3
1991	1237.055
1991	1218.9
1991	1223.5
1991	1241.775
1991	1256.255
1991	1260.205
1991	1278.3
1991	1267.005
1991	1266.07
1991	1245.75
1991	1249.295
1991	1238.95
1991	1255.845
1991	1246.97
1991	1240.575
1991	1248.825
1991	1241.155
1991	1243.335
1991	1233.655
1991	1237.015
1991	1246.385
1991	1270.495
1991	1292.705
1991	1300.4
1991	1281.27
1991	1292.25
1991	1309.025
1991	1280.73
1991	1278.33
1991	1271.025
1991	1283.88
1991	1276.665
1991	1281.45
1991	1288.09
1991	1283.75
1991	1279.63
1991	1273.475
1991	1259.86
1991	1261.575
1991	1269.25
1991	1296.795
1991	1274.25
1991	1273.235
1991	1282.88
1991	1270.9
1991	1265.725
1991	1271.7
1991	1261.5
1991	1272.38
1991	1280.955
1991	1299.98
1991	1299.3
1991	1297.225
1991	1296.95
1991	1304.38
1991	1314.775
1991	1315.255
1991	1323.93
1991	1341.925
1991	1342.46
1991	1342.595
1991	1351.025
1991	1347.705
1991	1337.78
1991	1338.545
1991	1341.12
1991	1335.85
1991	1338.48
1991	1334.525
1991	1347.845
1991	1342.9
1991	1357.985
1991	1363.505
1991	1363.98
1991	1366.58
1991	1348.98
1991	1350.845
1991	1355.02
1991	1350.125
1991	1354.23
1991	1336.725
1991	1334.745
1991	1338.225
1991	1319.605
1991	1312.1
1991	1309.4
1991	1315.975
1991	1303.795
1991	1302.85
1991	1303.05
1991	1304.5
1991	1304.775
1991	1304.195
1991	1304.225
1991	1319.95
1991	1298.38
1991	1280.695
1991	1284.245
1991	1278.395
1991	1287.88
1991	1293.345
1991	1294.97
1991	1301.17
1991	1309.925
1991	1352.575
1991	1340.37
1991	1321.875
1991	1303.045
1991	1296.57
1991	1308.085
1991	1307.0
1991	1310.23
1991	1296.255
1991	1300.1
1991	1303.075
1991	1298.775
1991	1296.675
1991	1297.0
1991	1295.73
1991	1276.47
1991	1268.605
1991	1270.275
1991	1265.895
1991	1266.025
1991	1261.97
1991	1249.905
1991	1258.51
1991	1261.605
1991	1270.6
1991	1251.85
1991	1256.55
1991	1254.645
1991	1258.355
1991	1260.2
1991	1245.3
1991	1248.575
1991	1242.365
1991	1242.79
1991	1244.375
1991	1254.31
1991	1261.405
1991	1272.625
1991	1258.68
1991	1266.795
1991	1266.61
1991	1276.93
1991	1273.695
1991	1272.45
1991	1267.45
1991	1260.37
1991	1269.295
1991	1275.655
1991	1272.65
1991	1271.0
1991	1276.875
1991	1281.355
1991	1258.05
1991	1253.425
1991	1228.7
1991	1232.05
1991	1227.005
1991	1228.5
1991	1238.6
1991	1238.45
1991	1230.67
1991	1232.495
1991	1230.175
1991	1231.705
1991	1213.88
1991	1212.695
1991	1211.055
1991	1213.16
1991	1201.565
1991	1199.28
1991	1204.555
1991	1214.825
1991	1217.58
1991	1228.78
1991	1213.78
1991	1217.68
1991	1212.41
1991	1206.42
1991	1201.205
1991	1191.68
1991	1191.88
1991	1199.42
1991	1189.405
1991	1196.875
1991	1193.8
1991	1189.07
1991	1186.025
1991	1188.675
1991	1178.595
1991	1151.905
1991	1151.775
1991	1150.75
1991	1150.25
1991	1151.055
1992	1148.17
1992	1161.95
1992	1147.05
1992	1144.0
1992	1154.8
1992	1182.195
1992	1188.42
1992	1185.4
1992	1218.87
1992	1220.815
1992	1224.89
1992	1196.4
1992	1198.08
1992	1192.925
1992	1198.395
1992	1213.8
1992	1207.125
1992	1209.225
1992	1196.045
1992	1205.595
1992	1212.645
1992	1207.15
1992	1201.74
1992	1193.725
1992	1186.845
1992	1188.715
1992	1178.34
1992	1196.6
1992	1204.95
1992	1217.48
1992	1218.23
1992	1235.225
1992	1235.095
1992	1241.425
1992	1240.475
1992	1243.795
1992	1237.675
1992	1243.72
1992	1227.06
1992	1229.37
1992	1227.37
1992	1240.61
1992	1245.975
1992	1254.34
1992	1249.73
1992	1249.88
1992	1246.72
1992	1257.18
1992	1252.15
1992	1251.01
1992	1253.28
1992	1246.975
1992	1242.125
1992	1253.825
1992	1258.995
1992	1256.545
1992	1251.2
1992	1247.52
1992	1247.905
1992	1250.03
1992	1241.575
1992	1238.95
1992	1246.27
1992	1246.615
1992	1234.92
1992	1225.94
1992	1230.35
1992	1226.5
1992	1234.315
1992	1224.735
1992	1243.115
1992	1240.845
1992	1241.975
1992	1248.145
1992	1253.175
1992	1250.745
1992	1250.775
1992	1252.265
1992	1242.08
1992	1242.62
1992	1247.88
1992	1243.95
1992	1247.025
1992	1238.31
1992	1231.875
1992	1229.325
1992	1228.93
1992	1229.075
1992	1237.855
1992	1227.55
1992	1217.16
1992	1214.025
1992	1217.65
1992	1202.505
1992	1199.17
1992	1202.035
1992	1215.275
1992	1219.725
1992	1216.2
1992	1211.55
1992	1229.85
1992	1228.325
1992	1214.19
1992	1206.055
1992	1214.17
1992	1214.055
1992	1214.57
1992	1205.02
1992	1204.545
1992	1199.4
1992	1206.25
1992	1204.505
1992	1191.765
1992	1188.005
1992	1191.16
1992	1185.515
1992	1191.91
1992	1190.265
1992	1187.515
1992	1183.235
1992	1182.62
1992	1168.99
1992	1166.5
1992	1150.145
1992	1154.915
1992	1147.375
1992	1153.445
1992	1147.875
1992	1146.47
1992	1130.755
1992	1120.17
1992	1138.12
1992	1141.005
1992	1124.265
1992	1124.49
1992	1125.195
1992	1130.9
1992	1117.855
1992	1108.055
1992	1142.8
1992	1130.945
1992	1128.6
1992	1128.975
1992	1124.225
1992	1119.48
1992	1113.95
1992	1124.315
1992	1118.93
1992	1117.775
1992	1117.995
1992	1117.1
1992	1124.645
1992	1118.9
1992	1111.935
1992	1106.52
1992	1112.355
1992	1111.37
1992	1112.65
1992	1113.75
1992	1107.075
1992	1107.915
1992	1103.55
1992	1104.28
1992	1083.505
1992	1072.505
1992	1073.235
1992	1082.4
1992	1076.885
1992	1078.05
1992	1068.9
1992	1061.68
1992	1067.815
1992	1094.445
1992	1071.985
1992	1065.83
1992	1074.275
1992	1087.025
1992	1097.645
1992	1170.125
1992	1180.975
1992	1219.25
1992	1260.7
1992	1257.8
1992	1247.15
1992	1240.05
1992	1272.0
1992	1252.9
1992	1238.75
1992	1226.91
1992	1204.61
1992	1237.98
1992	1245.37
1992	1259.32
1992	1296.15
1992	1318.19
1992	1318.85
1992	1308.09
1992	1296.62
1992	1300.78
1992	1302.89
1992	1293.94
1992	1287.97
1992	1280.11
1992	1299.66
1992	1323.58
1992	1330.27
1992	1323.39
1992	1345.57
1992	1338.55
1992	1331.42
1992	1324.38
1992	1319.94
1992	1313.99
1992	1334.23
1992	1342.41
1992	1332.85
1992	1353.36
1992	1356.56
1992	1361.43
1992	1363.85
1992	1363.6
1992	1361.34
1992	1339.0
1992	1354.44
1992	1368.7
1992	1352.02
1992	1352.92
1992	1373.73
1992	1391.27
1992	1390.13
1992	1377.3
1992	1384.27
1992	1400.94
1992	1398.64
1992	1409.0
1992	1393.61
1992	1396.99
1992	1388.03
1992	1386.64
1992	1390.43
1992	1400.57
1992	1401.95
1992	1395.83
1992	1406.65
1992	1405.84
1992	1397.27
1992	1409.19
1992	1408.06
1992	1419.08
1992	1426.92
1992	1436.13
1992	1477.71
1992	1470.86
1993	1512.33
1993	1534.28
1993	1526.09
1993	1520.18
1993	1495.96
1993	1478.22
1993	1508.62
1993	1503.01
1993	1493.83
1993	1490.62
1993	1483.22
1993	1469.16
1993	1476.4
1993	1481.23
1993	1460.94
1993	1448.22
1993	1467.95
1993	1479.34
1993	1482.52
1993	1508.83
1993	1517.18
1993	1528.86
1993	1540.18
1993	1532.22
1993	1526.49
1993	1530.27
1993	1522.75
1993	1544.85
1993	1540.66
1993	1551.07
1993	1546.74
1993	1546.87
1993	1567.98
1993	1569.12
1993	1580.92
1993	1591.85
1993	1574.24
1993	1589.7
1993	1578.75
1993	1568.31
1993	1564.99
1993	1563.98
1993	1564.24
1993	1577.4
1993	1601.37
1993	1611.79
1993	1611.62
1993	1608.97
1993	1607.99
1993	1607.2
1993	1604.62
1993	1607.46
1993	1584.56
1993	1586.42
1993	1582.98
1993	1583.82
1993	1600.59
1993	1596.05
1993	1610.85
1993	1621.11
1993	1598.23
1993	1603.39
1993	1593.39
1993	1589.8
1993	1593.8
1993	1591.42
1993	1568.52
1993	1539.8
1993	1531.62
1993	1545.05
1993	1537.11
1993	1534.97
1993	1523.44
1993	1534.03
1993	1528.22
1993	1498.82
1993	1467.58
1993	1464.16
1993	1481.31
1993	1470.2
1993	1478.56
1993	1481.34
1993	1468.54
1993	1458.84
1993	1461.13
1993	1448.95
1993	1460.13
1993	1489.66
1993	1482.29
1993	1492.87
1993	1484.26
1993	1468.25
1993	1482.3
1993	1475.03
1993	1471.5
1993	1473.14
1993	1489.21
1993	1487.39
1993	1484.08
1993	1485.58
1993	1472.15
1993	1467.66
1993	1458.19
1993	1461.22
1993	1460.8
1993	1480.92
1993	1476.62
1993	1478.66
1993	1490.4
1993	1491.57
1993	1474.33
1993	1478.13
1993	1494.55
1993	1503.74
1993	1509.78
1993	1530.85
1993	1525.58
1993	1534.19
1993	1540.25
1993	1541.11
1993	1553.53
1993	1543.5
1993	1534.39
1993	1544.27
1993	1540.6
1993	1537.08
1993	1546.56
1993	1541.47
1993	1560.98
1993	1581.84
1993	1588.51
1993	1585.51
1993	1594.38
1993	1588.17
1993	1596.06
1993	1583.66
1993	1586.09
1993	1600.97
1993	1605.68
1993	1612.49
1993	1604.78
1993	1605.86
1993	1605.96
1993	1597.52
1993	1615.52
1993	1616.42
1993	1601.89
1993	1599.56
1993	1604.1
1993	1613.4
1993	1608.95
1993	1619.72
1993	1615.46
1993	1620.05
1993	1624.57
1993	1625.69
1993	1602.62
1993	1604.33
1993	1597.36
1993	1592.18
1993	1589.75
1993	1595.8
1993	1595.69
1993	1596.85
1993	1595.38
1993	1596.5
1993	1595.56
1993	1595.65
1993	1600.76
1993	1596.76
1993	1575.35
1993	1563.45
1993	1564.19
1993	1551.17
1993	1547.38
1993	1532.79
1993	1536.25
1993	1530.54
1993	1543.19
1993	1563.04
1993	1563.22
1993	1560.95
1993	1577.27
1993	1584.91
1993	1594.81
1993	1576.07
1993	1582.58
1993	1573.19
1993	1582.14
1993	1596.15
1993	1588.84
1993	1591.07
1993	1592.1
1993	1599.58
1993	1592.24
1993	1583.93
1993	1574.76
1993	1583.95
1993	1590.83
1993	1592.77
1993	1591.02
1993	1598.88
1993	1601.44
1993	1606.88
1993	1607.21
1993	1610.84
1993	1620.68
1993	1625.2
1993	1642.6
1993	1625.71
1993	1647.22
1993	1636.74
1993	1641.14
1993	1648.93
1993	1644.71
1993	1650.31
1993	1654.64
1993	1649.33
1993	1663.4
1993	1663.26
1993	1666.16
1993	1670.28
1993	1667.96
1993	1676.88
1993	1687.01
1993	1704.43
1993	1679.24
1993	1688.12
1993	1693.86
1993	1696.44
1993	1701.6
1993	1716.18
1993	1717.79
1993	1720.74
1993	1697.96
1993	1671.15
1993	1679.85
1993	1673.66
1993	1685.04
1993	1690.74
1993	1690.37
1993	1693.45
1993	1688.84
1993	1685.89
1993	1673.73
1993	1670.02
1993	1661.5
1993	1680.65
1993	1680.31
1993	1696.61
1993	1703.97
1994	1710.76
1994	1702.38
1994	1690.37
1994	1700.58
1994	1697.53
1994	1705.74
1994	1695.53
1994	1695.83
1994	1711.83
1994	1704.41
1994	1700.36
1994	1699.82
1994	1701.76
1994	1696.18
1994	1708.6
1994	1702.35
1994	1699.07
1994	1702.65
1994	1696.48
1994	1697.52
1994	1687.18
1994	1690.74
1994	1690.33
1994	1687.06
1994	1697.65
1994	1699.25
1994	1690.5
1994	1691.7
1994	1694.16
1994	1684.61
1994	1678.79
1994	1683.08
1994	1682.63
1994	1672.26
1994	1676.01
1994	1682.37
1994	1681.89
1994	1687.66
1994	1683.55
1994	1688.33
1994	1685.08
1994	1688.05
1994	1685.22
1994	1685.17
1994	1690.08
1994	1689.29
1994	1687.54
1994	1675.93
1994	1665.56
1994	1668.07
1994	1674.62
1994	1672.68
1994	1660.11
1994	1674.76
1994	1679.2
1994	1668.55
1994	1669.65
1994	1667.88
1994	1653.22
1994	1640.78
1994	1629.62
1994	1632.81
1994	1611.28
1994	1631.67
1994	1654.25
1994	1641.7
1994	1629.92
1994	1620.16
1994	1638.95
1994	1639.04
1994	1633.39
1994	1636.46
1994	1632.56
1994	1627.58
1994	1626.46
1994	1618.16
1994	1620.21
1994	1609.77
1994	1610.27
1994	1606.9
1994	1593.33
1994	1587.53
1994	1586.6
1994	1591.11
1994	1617.88
1994	1603.05
1994	1590.48
1994	1607.58
1994	1601.13
1994	1599.93
1994	1607.94
1994	1603.0
1994	1592.2
1994	1584.03
1994	1582.49
1994	1590.13
1994	1590.61
1994	1595.95
1994	1594.46
1994	1592.72
1994	1590.01
1994	1589.69
1994	1591.99
1994	1596.12
1994	1616.48
1994	1620.6
1994	1617.61
1994	1617.41
1994	1618.24
1994	1613.72
1994	1599.18
1994	1595.05
1994	1598.65
1994	1595.16
1994	1605.89
1994	1584.43
1994	1583.26
1994	1575.75
1994	1576.66
1994	1570.87
1994	1562.26
1994	1568.73
1994	1562.82
1994	1585.99
1994	1590.76
1994	1582.11
1994	1573.93
1994	1571.08
1994	1567.94
1994	1565.73
1994	1541.25
1994	1517.2
1994	1519.16
1994	1532.1
1994	1547.56
1994	1547.17
1994	1561.72
1994	1572.41
1994	1555.46
1994	1582.76
1994	1582.01
1994	1584.74
1994	1584.46
1994	1579.78
1994	1594.69
1994	1580.55
1994	1584.47
1994	1585.59
1994	1570.0
1994	1585.79
1994	1580.81
1994	1586.59
1994	1581.13
1994	1597.8
1994	1593.67
1994	1594.82
1994	1594.63
1994	1585.93
1994	1570.07
1994	1567.03
1994	1563.82
1994	1569.48
1994	1573.11
1994	1569.59
1994	1595.14
1994	1598.08
1994	1588.13
1994	1585.05
1994	1580.86
1994	1567.74
1994	1570.72
1994	1580.6
1994	1577.51
1994	1588.43
1994	1567.72
1994	1566.16
1994	1563.02
1994	1565.77
1994	1562.09
1994	1563.55
1994	1568.12
1994	1556.22
1994	1566.1
1994	1560.97
1994	1564.54
1994	1559.7
1994	1555.36
1994	1556.4
1994	1556.55
1994	1567.63
1994	1563.38
1994	1568.09
1994	1565.36
1994	1569.19
1994	1575.39
1994	1574.18
1994	1568.6
1994	1567.15
1994	1550.55
1994	1538.47
1994	1531.61
1994	1533.69
1994	1532.31
1994	1527.01
1994	1534.71
1994	1527.31
1994	1528.6
1994	1527.33
1994	1529.17
1994	1545.96
1994	1537.12
1994	1555.1
1994	1562.61
1994	1554.17
1994	1553.75
1994	1571.28
1994	1567.83
1994	1567.26
1994	1583.65
1994	1581.09
1994	1591.5
1994	1590.35
1994	1594.48
1994	1600.47
1994	1596.6
1994	1601.27
1994	1610.66
1994	1615.94
1994	1619.51
1994	1611.12
1994	1618.03
1994	1612.57
1994	1616.83
1994	1618.48
1994	1619.22
1994	1619.74
1994	1632.12
1994	1635.61
1994	1640.65
1994	1638.17
1994	1633.4
1994	1636.51
1994	1649.25
1994	1648.14
1994	1643.03
1994	1644.18
1994	1640.64
1994	1644.14
1994	1629.74
1995	1633.53
1995	1624.07
1995	1626.93
1995	1621.18
1995	1629.99
1995	1623.96
1995	1625.89
1995	1624.48
1995	1622.44
1995	1602.77
1995	1601.9
1995	1616.87
1995	1611.65
1995	1599.03
1995	1585.98
1995	1583.05
1995	1586.66
1995	1600.19
1995	1605.94
1995	1600.1
1995	1596.76
1995	1613.18
1995	1604.75
1995	1607.86
1995	1612.48
1995	1613.28
1995	1617.16
1995	1616.75
1995	1618.79
1995	1612.66
1995	1611.39
1995	1604.4
1995	1605.43
1995	1608.47
1995	1616.85
1995	1625.25
1995	1618.95
1995	1627.57
1995	1671.4
1995	1672.34
1995	1639.37
1995	1658.22
1995	1663.68
1995	1660.26
1995	1648.95
1995	1640.34
1995	1647.67
1995	1672.3
1995	1690.49
1995	1682.26
1995	1693.47
1995	1669.18
1995	1764.89
1995	1736.72
1995	1722.35
1995	1699.14
1995	1727.68
1995	1722.69
1995	1714.63
1995	1698.73
1995	1699.82
1995	1714.0
1995	1710.5
1995	1720.95
1995	1722.1
1995	1713.4
1995	1712.49
1995	1704.37
1995	1717.47
1995	1726.74
1995	1727.39
1995	1715.05
1995	1699.16
1995	1708.01
1995	1723.79
1995	1727.88
1995	1707.86
1995	1713.44
1995	1701.47
1995	1681.3
1995	1666.69
1995	1664.44
1995	1661.32
1995	1638.86
1995	1624.34
1995	1630.74
1995	1618.31
1995	1642.84
1995	1665.94
1995	1631.9
1995	1647.57
1995	1652.08
1995	1662.28
1995	1664.76
1995	1684.01
1995	1696.23
1995	1693.9
1995	1661.88
1995	1645.95
1995	1644.27
1995	1635.29
1995	1616.42
1995	1651.85
1995	1638.14
1995	1629.45
1995	1627.56
1995	1639.33
1995	1645.43
1995	1635.12
1995	1658.28
1995	1660.15
1995	1644.51
1995	1647.0
1995	1649.46
1995	1645.54
1995	1639.39
1995	1636.74
1995	1626.55
1995	1627.97
1995	1621.6
1995	1626.68
1995	1631.78
1995	1635.7
1995	1639.72
1995	1629.62
1995	1622.95
1995	1620.78
1995	1620.96
1995	1609.38
1995	1614.77
1995	1622.07
1995	1620.79
1995	1615.24
1995	1609.18
1995	1612.72
1995	1612.88
1995	1620.09
1995	1612.61
1995	1603.39
1995	1597.49
1995	1598.95
1995	1588.53
1995	1584.48
1995	1590.66
1995	1581.64
1995	1576.22
1995	1579.79
1995	1572.83
1995	1588.56
1995	1587.29
1995	1581.98
1995	1593.39
1995	1619.73
1995	1627.16
1995	1620.89
1995	1621.95
1995	1624.02
1995	1618.62
1995	1623.78
1995	1613.79
1995	1617.11
1995	1635.75
1995	1629.66
1995	1620.11
1995	1630.37
1995	1624.9
1995	1624.84
1995	1631.34
1995	1621.27
1995	1621.1
1995	1611.53
1995	1613.38
1995	1613.88
1995	1609.52
1995	1609.12
1995	1611.32
1995	1616.64
1995	1609.44
1995	1607.12
1995	1607.67
1995	1610.25
1995	1607.88
1995	1607.97
1995	1616.28
1995	1611.67
1995	1609.99
1995	1621.67
1995	1612.8
1995	1612.45
1995	1610.8
1995	1606.09
1995	1608.86
1995	1609.07
1995	1600.05
1995	1601.33
1995	1601.32
1995	1600.23
1995	1603.52
1995	1597.78
1995	1600.92
1995	1611.87
1995	1615.32
1995	1617.82
1995	1595.81
1995	1594.52
1995	1597.71
1995	1594.78
1995	1595.53
1995	1596.6
1995	1595.27
1995	1596.28
1995	1590.78
1995	1592.63
1995	1596.23
1995	1595.48
1995	1594.96
1995	1592.29
1995	1587.91
1995	1589.15
1995	1594.87
1995	1591.56
1995	1590.24
1995	1590.92
1995	1591.14
1995	1595.68
1995	1595.79
1995	1598.78
1995	1595.47
1995	1604.94
1995	1598.65
1995	1601.14
1995	1593.72
1995	1590.45
1995	1594.2
1995	1597.14
1995	1599.83
1995	1598.14
1995	1600.78
1995	1595.26
1995	1596.31
1995	1591.67
1995	1590.64
1995	1589.23
1995	1589.67
1995	1584.98
1995	1584.72
1996	1564.44
1996	1570.89
1996	1578.92
1996	1578.85
1996	1579.31
1996	1576.11
1996	1571.99
1996	1568.61
1996	1576.07
1996	1572.32
1996	1578.67
1996	1581.75
1996	1578.21
1996	1584.0
1996	1591.13
1996	1597.82
1996	1591.29
1996	1594.88
1996	1605.04
1996	1605.58
1996	1598.27
1996	1599.81
1996	1580.98
1996	1580.87
1996	1573.36
1996	1572.82
1996	1575.92
1996	1574.64
1996	1565.38
1996	1572.66
1996	1570.19
1996	1582.1
1996	1589.69
1996	1585.42
1996	1581.09
1996	1586.67
1996	1574.9
1996	1569.75
1996	1569.57
1996	1559.55
1996	1554.06
1996	1546.53
1996	1555.2
1996	1562.34
1996	1557.46
1996	1550.03
1996	1554.8
1996	1561.13
1996	1562.4
1996	1566.51
1996	1561.76
1996	1562.26
1996	1569.48
1996	1564.94
1996	1564.49
1996	1560.8
1996	1556.15
1996	1556.31
1996	1566.57
1996	1562.14
1996	1567.11
1996	1581.13
1996	1573.33
1996	1568.87
1996	1568.72
1996	1566.5
1996	1563.12
1996	1562.02
1996	1568.19
1996	1572.51
1996	1569.19
1996	1568.82
1996	1572.3
1996	1575.04
1996	1574.19
1996	1570.91
1996	1565.03
1996	1554.94
1996	1551.66
1996	1557.07
1996	1566.76
1996	1561.15
1996	1562.75
1996	1567.52
1996	1564.88
1996	1559.67
1996	1558.65
1996	1561.6
1996	1560.38
1996	1555.53
1996	1561.37
1996	1555.18
1996	1555.69
1996	1552.09
1996	1552.29
1996	1557.26
1996	1560.39
1996	1562.57
1996	1561.57
1996	1557.81
1996	1558.45
1996	1548.98
1996	1548.78
1996	1543.37
1996	1545.14
1996	1546.95
1996	1545.73
1996	1546.61
1996	1551.29
1996	1551.56
1996	1549.88
1996	1550.18
1996	1548.01
1996	1543.3
1996	1537.11
1996	1534.07
1996	1534.4
1996	1537.01
1996	1541.5
1996	1535.63
1996	1534.6
1996	1534.45
1996	1534.57
1996	1535.15
1996	1537.76
1996	1526.15
1996	1530.59
1996	1537.67
1996	1533.92
1996	1534.5
1996	1536.02
1996	1530.61
1996	1537.35
1996	1528.19
1996	1523.6
1996	1522.08
1996	1517.2
1996	1510.3
1996	1511.64
1996	1512.15
1996	1513.64
1996	1526.8
1996	1526.72
1996	1528.82
1996	1519.06
1996	1518.8
1996	1521.26
1996	1516.36
1996	1515.4
1996	1519.79
1996	1519.25
1996	1519.14
1996	1517.19
1996	1515.28
1996	1516.67
1996	1518.15
1996	1517.76
1996	1518.05
1996	1519.48
1996	1516.84
1996	1509.96
1996	1511.98
1996	1513.42
1996	1513.9
1996	1513.95
1996	1511.48
1996	1514.74
1996	1511.1
1996	1510.04
1996	1509.75
1996	1516.76
1996	1521.16
1996	1527.08
1996	1527.74
1996	1527.43
1996	1524.11
1996	1526.78
1996	1524.32
1996	1524.23
1996	1525.31
1996	1523.88
1996	1514.19
1996	1520.68
1996	1521.73
1996	1526.33
1996	1522.37
1996	1517.94
1996	1518.63
1996	1521.66
1996	1515.83
1996	1517.15
1996	1520.33
1996	1525.35
1996	1521.5
1996	1522.7
1996	1529.36
1996	1532.56
1996	1540.19
1996	1535.92
1996	1534.92
1996	1531.23
1996	1527.57
1996	1530.95
1996	1525.18
1996	1521.95
1996	1519.28
1996	1517.66
1996	1515.14
1996	1519.87
1996	1520.64
1996	1523.49
1996	1516.2
1996	1519.44
1996	1516.08
1996	1514.1
1996	1517.38
1996	1516.81
1996	1516.73
1996	1515.85
1996	1512.58
1996	1500.39
1996	1499.11
1996	1498.21
1996	1499.99
1996	1514.76
1996	1513.34
1996	1513.61
1996	1513.46
1996	1516.35
1996	1535.51
1996	1532.64
1996	1535.33
1996	1519.15
1996	1530.34
1996	1530.27
1996	1525.84
1996	1527.89
1996	1521.7
1996	1531.16
1996	1526.95
1996	1529.02
1996	1529.52
1996	1529.95
1996	1526.9
1996	1530.85
1996	1530.57
1997	1520.5
1997	1525.8
1997	1535.01
1997	1540.25
1997	1543.42
1997	1539.91
1997	1542.96
1997	1543.99
1997	1552.63
1997	1550.46
1997	1556.57
1997	1572.13
1997	1576.98
1997	1594.35
1997	1599.36
1997	1589.67
1997	1594.56
1997	1614.34
1997	1617.12
1997	1607.59
1997	1612.06
1997	1624.4
1997	1620.62
1997	1625.4
1997	1624.21
1997	1635.79
1997	1625.56
1997	1639.36
1997	1650.05
1997	1653.41
1997	1660.71
1997	1672.75
1997	1684.27
1997	1684.23
1997	1674.89
1997	1664.57
1997	1661.94
1997	1666.27
1997	1680.71
1997	1686.9
1997	1694.43
1997	1703.32
1997	1708.04
1997	1709.86
1997	1700.5
1997	1695.67
1997	1695.35
1997	1696.05
1997	1689.91
1997	1700.7
1997	1691.28
1997	1694.57
1997	1688.82
1997	1681.78
1997	1692.37
1997	1693.23
1997	1690.35
1997	1690.28
1997	1677.1
1997	1666.91
1997	1662.78
1997	1659.41
1997	1659.8
1997	1677.14
1997	1692.94
1997	1694.42
1997	1692.92
1997	1700.45
1997	1693.78
1997	1702.99
1997	1699.85
1997	1701.73
1997	1695.34
1997	1689.78
1997	1701.53
1997	1707.79
1997	1706.07
1997	1718.16
1997	1716.34
1997	1710.16
1997	1708.13
1997	1710.57
1997	1711.18
1997	1700.64
1997	1692.35
1997	1682.91
1997	1681.95
1997	1682.3
1997	1681.62
1997	1668.02
1997	1673.66
1997	1673.68
1997	1668.21
1997	1662.29
1997	1665.38
1997	1668.13
1997	1665.1
1997	1675.63
1997	1682.01
1997	1686.06
1997	1690.56
1997	1699.49
1997	1696.71
1997	1698.93
1997	1698.36
1997	1708.94
1997	1694.14
1997	1696.3
1997	1691.86
1997	1698.05
1997	1699.03
1997	1698.74
1997	1697.23
1997	1693.22
1997	1690.83
1997	1687.16
1997	1685.08
1997	1683.51
1997	1687.66
1997	1694.27
1997	1702.05
1997	1697.51
1997	1704.15
1997	1706.81
1997	1706.95
1997	1700.97
1997	1709.33
1997	1715.46
1997	1711.59
1997	1715.02
1997	1739.52
1997	1743.15
1997	1741.69
1997	1744.46
1997	1751.61
1997	1746.82
1997	1762.94
1997	1777.7
1997	1784.83
1997	1786.58
1997	1796.26
1997	1787.41
1997	1797.38
1997	1787.58
1997	1806.18
1997	1830.79
1997	1837.58
1997	1845.73
1997	1837.9
1997	1816.21
1997	1810.12
1997	1816.94
1997	1805.18
1997	1779.68
1997	1788.89
1997	1802.81
1997	1800.07
1997	1769.95
1997	1778.94
1997	1755.04
1997	1765.94
1997	1763.1
1997	1759.46
1997	1769.54
1997	1776.1
1997	1777.0
1997	1775.47
1997	1769.25
1997	1759.08
1997	1767.13
1997	1762.15
1997	1751.19
1997	1741.02
1997	1715.81
1997	1730.4
1997	1730.28
1997	1725.79
1997	1735.91
1997	1749.81
1997	1749.78
1997	1728.01
1997	1732.05
1997	1717.89
1997	1724.73
1997	1726.4
1997	1735.67
1997	1731.84
1997	1739.56
1997	1723.48
1997	1720.79
1997	1723.58
1997	1714.95
1997	1720.96
1997	1722.11
1997	1717.84
1997	1714.85
1997	1708.98
1997	1721.47
1997	1731.06
1997	1738.22
1997	1742.23
1997	1731.51
1997	1739.12
1997	1722.52
1997	1696.73
1997	1706.66
1997	1684.13
1997	1692.06
1997	1705.72
1997	1686.61
1997	1694.21
1997	1690.2
1997	1671.55
1997	1683.52
1997	1673.37
1997	1676.81
1997	1687.37
1997	1693.51
1997	1703.28
1997	1692.74
1997	1695.92
1997	1694.88
1997	1714.98
1997	1700.52
1997	1707.12
1997	1719.16
1997	1728.73
1997	1727.35
1997	1739.94
1997	1734.9
1997	1735.24
1997	1737.5
1997	1737.2
1997	1751.03
1997	1744.6
1997	1741.28
1997	1730.61
1997	1738.95
1997	1746.69
1997	1730.67
1997	1741.79
1997	1740.05
1997	1747.16
1997	1743.96
1997	1747.47
1997	1759.19
1998	1771.91
1998	1781.84
1998	1794.03
1998	1793.5
1998	1788.17
1998	1785.36
1998	1788.88
1998	1797.69
1998	1794.98
1998	1802.67
1998	1811.03
1998	1807.17
1998	1800.49
1998	1777.15
1998	1769.8
1998	1759.22
1998	1763.44
1998	1781.55
1998	1799.45
1998	1807.36
1998	1797.62
1998	1789.28
1998	1771.66
1998	1771.79
1998	1791.78
1998	1789.52
1998	1799.26
1998	1790.91
1998	1801.57
1998	1794.53
1998	1794.23
1998	1793.12
1998	1794.01
1998	1791.7
1998	1776.62
1998	1782.51
1998	1792.69
1998	1786.38
1998	1779.16
1998	1786.67
1998	1787.8
1998	1781.71
1998	1801.42
1998	1797.73
1998	1800.77
1998	1807.45
1998	1802.62
1998	1798.1
1998	1793.52
1998	1794.21
1998	1796.36
1998	1802.04
1998	1802.84
1998	1801.25
1998	1799.61
1998	1804.15
1998	1800.69
1998	1797.46
1998	1807.42
1998	1819.44
1998	1823.82
1998	1824.14
1998	1828.27
1998	1814.98
1998	1816.63
1998	1809.72
1998	1799.29
1998	1794.46
1998	1784.07
1998	1789.73
1998	1783.73
1998	1786.92
1998	1772.44
1998	1773.37
1998	1770.66
1998	1775.3
1998	1772.35
1998	1772.55
1998	1778.59
1998	1772.84
1998	1760.93
1998	1746.7
1998	1738.56
1998	1748.87
1998	1748.8
1998	1748.78
1998	1755.8
1998	1751.56
1998	1756.25
1998	1761.93
1998	1757.69
1998	1753.3
1998	1735.52
1998	1737.61
1998	1740.12
1998	1746.16
1998	1737.54
1998	1760.17
1998	1757.94
1998	1755.63
1998	1755.65
1998	1747.55
1998	1744.85
1998	1745.19
1998	1749.35
1998	1751.19
1998	1757.41
1998	1771.93
1998	1781.68
1998	1788.34
1998	1772.36
1998	1757.36
1998	1759.69
1998	1765.44
1998	1771.6
1998	1769.58
1998	1775.22
1998	1772.23
1998	1773.77
1998	1783.27
1998	1778.25
1998	1787.72
1998	1795.42
1998	1790.38
1998	1783.65
1998	1787.24
1998	1791.89
1998	1802.22
1998	1792.26
1998	1785.94
1998	1777.11
1998	1775.83
1998	1764.68
1998	1763.13
1998	1757.43
1998	1762.98
1998	1764.82
1998	1768.88
1998	1760.12
1998	1756.05
1998	1761.13
1998	1748.73
1998	1741.63
1998	1754.81
1998	1761.44
1998	1758.93
1998	1746.95
1998	1745.75
1998	1747.75
1998	1756.85
1998	1759.73
1998	1748.96
1998	1763.02
1998	1773.53
1998	1773.91
1998	1776.84
1998	1770.29
1998	1775.4
1998	1771.08
1998	1772.49
1998	1782.15
1998	1785.72
1998	1768.39
1998	1748.43
1998	1729.21
1998	1733.19
1998	1703.57
1998	1719.38
1998	1696.25
1998	1706.99
1998	1716.1
1998	1681.4
1998	1666.93
1998	1682.08
1998	1666.17
1998	1676.26
1998	1657.74
1998	1673.77
1998	1660.0
1998	1671.7
1998	1673.52
1998	1659.13
1998	1645.82
1998	1662.67
1998	1655.61
1998	1655.65
1998	1629.76
1998	1617.31
1998	1617.05
1998	1622.62
1998	1594.32
1998	1596.22
1998	1618.62
1998	1633.96
1998	1627.91
1998	1622.73
1998	1615.19
1998	1595.45
1998	1603.47
1998	1616.77
1998	1624.3
1998	1634.32
1998	1624.4
1998	1633.73
1998	1642.24
1998	1633.47
1998	1632.0
1998	1634.31
1998	1633.53
1998	1645.16
1998	1651.65
1998	1642.16
1998	1642.09
1998	1660.11
1998	1666.36
1998	1669.25
1998	1670.58
1998	1650.37
1998	1649.72
1998	1649.98
1998	1657.79
1998	1670.76
1998	1690.99
1998	1690.76
1998	1683.15
1998	1686.72
1998	1686.55
1998	1683.58
1998	1665.05
1998	1661.44
1998	1660.98
1998	1659.01
1998	1660.91
1998	1652.12
1998	1644.51
1998	1639.06
1998	1635.46
1998	1640.83
1998	1647.74
1998	1647.78
1998	1643.8
1998	1650.48
1998	1656.86
1998	1657.91
1998	1665.29
1998	1657.97
1998	1653.1
1999	1642.438
1999	1642.299
1999	1648.872
1999	1664.606
1999	1660.751
1999	1673.671
1999	1680.79
1999	1648.731
1999	1661.606
1999	1665.465
1999	1667.473
1999	1666.899
1999	1672.803
1999	1673.237
1999	1673.96
1999	1671.504
1999	1671.792
1999	1679.478
1999	1696.994
1999	1700.87
1999	1707.77
1999	1707.921
1999	1719.142
1999	1714.727
1999	1721.741
1999	1708.524
1999	1707.168
1999	1711.696
1999	1722.047
1999	1722.967
1999	1732.525
1999	1720.67
1999	1723.887
1999	1734.543
1999	1761.527
1999	1765.22
1999	1754.344
1999	1755.299
1999	1757.37
1999	1762.489
1999	1778.516
1999	1776.557
1999	1781.953
1999	1787.216
1999	1775.092
1999	1782.445
1999	1767.799
1999	1777.862
1999	1771.195
1999	1768.445
1999	1776.232
1999	1765.703
1999	1758.327
1999	1773.953
1999	1782.281
1999	1777.047
1999	1771.843
1999	1776.72
1999	1790.356
1999	1810.952
1999	1807.74
1999	1802.523
1999	1797.503
1999	1800.846
1999	1805.212
1999	1790.853
1999	1781.789
1999	1798.672
1999	1795.003
1999	1820.487
1999	1818.777
1999	1829.086
1999	1829.95
1999	1824.26
1999	1821.515
1999	1815.367
1999	1825.981
1999	1827.187
1999	1828.567
1999	1832.895
1999	1793.009
1999	1795.17
1999	1803.698
1999	1804.202
1999	1822.886
1999	1813.666
1999	1812.139
1999	1811.291
1999	1820.829
1999	1819.974
1999	1829.258
1999	1837.94
1999	1848.821
1999	1847.762
1999	1851.827
1999	1855.731
1999	1865.026
1999	1876.958
1999	1864.487
1999	1850.057
1999	1848.644
1999	1855.198
1999	1863.231
1999	1871.696
1999	1872.602
1999	1872.783
1999	1877.504
1999	1883.531
1999	1876.049
1999	1854.132
1999	1868.265
1999	1874.777
1999	1886.467
1999	1890.704
1999	1892.367
1999	1894.404
1999	1894.218
1999	1897.56
1999	1912.554
1999	1901.473
1999	1904.278
1999	1898.118
1999	1897.932
1999	1860.01
1999	1850.765
1999	1844.242
1999	1844.769
1999	1809.936
1999	1822.029
1999	1826.153
1999	1812.987
1999	1810.613
1999	1818.948
1999	1799.34
1999	1794.338
1999	1802.858
1999	1808.753
1999	1820.145
1999	1834.805
1999	1839.337
1999	1841.086
1999	1815.196
1999	1825.636
1999	1841.962
1999	1855.909
1999	1852.535
1999	1852.89
1999	1852.181
1999	1831.335
1999	1816.048
1999	1812.647
1999	1827.704
1999	1832.721
1999	1824.432
1999	1828.049
1999	1840.561
1999	1872.239
1999	1868.626
1999	1867.364
1999	1866.824
1999	1862.335
1999	1863.949
1999	1842.487
1999	1856.443
1999	1848.291
1999	1859.295
1999	1847.057
1999	1833.068
1999	1815.537
1999	1804.875
1999	1806.391
1999	1811.969
1999	1803.362
1999	1804.707
1999	1816.9
1999	1821.343
1999	1815.026
1999	1796.502
1999	1781.461
1999	1781.625
1999	1789.859
1999	1796.669
1999	1793.341
1999	1799.842
1999	1812.478
1999	1821.001
1999	1834.979
1999	1838.115
1999	1852.358
1999	1831.508
1999	1842.838
1999	1845.649
1999	1843.364
1999	1860.903
1999	1857.512
1999	1861.44
1999	1860.725
1999	1878.415
1999	1879.691
1999	1873.326
1999	1860.367
1999	1865.385
1999	1883.714
1999	1877.868
1999	1877.14
1999	1895.516
1999	1899.421
1999	1916.909
1999	1921.475
1999	1917.669
1999	1918.809
1999	1925.296
1999	1933.37
1999	1901.66
1999	1891.073
1999	1891.628
1999	1902.968
1999	1909.348
1999	1928.94
1999	1932.212
1999	1908.407
1999	1911.799
1999	1917.859
1999	1920.141
1999	1922.047
1999	1919.189
1999	1909.15
1999	1910.66
1999	1919.18
1999	1922.42
1999	1927.4
2000	1918.99
2000	1878.96
2000	1867.54
2000	1863.94
2000	1882.79
2000	1892.92
2000	1887.93
2000	1878.41
2000	1884.26
2000	1893.66
2000	1918.23
2000	1918.42
2000	1916.15
2000	1919.18
2000	1917.66
2000	1931.05
2000	1934.72
2000	1932.59
2000	1940.92
2000	1966.15
2000	1977.6
2000	1994.09
2000	1992.66
2000	1986.32
2000	1968.75
2000	1982.46
2000	1955.23
2000	1949.13
2000	1962.17
2000	1975.58
2000	1962.36
2000	1980.23
2000	1974.97
2000	1952.08
2000	1964.36
2000	1932.01
2000	1923.19
2000	1956.22
2000	1973.16
2000	2008.78
2000	1993.27
2000	2002.96
2000	1991.02
2000	2004.62
2000	2018.41
2000	2028.99
2000	2013.59
2000	2014.22
2000	1992.86
2000	2012.75
2000	2003.79
2000	2001.93
2000	1995.94
2000	2016.31
2000	2005.25
2000	1993.07
2000	1993.68
2000	2007.12
2000	2023.69
2000	2026.44
2000	2026.87
2000	2001.72
2000	2011.7
2000	2024.53
2000	2019.05
2000	2018.2
2000	2022.0
2000	2029.63
2000	2022.63
2000	2038.82
2000	2046.58
2000	2065.13
2000	2081.56
2000	2106.24
2000	2113.13
2000	2131.28
2000	2124.03
2000	2172.41
2000	2164.15
2000	2162.94
2000	2156.68
2000	2126.13
2000	2132.69
2000	2144.5
2000	2116.83
2000	2135.98
2000	2170.21
2000	2165.36
2000	2181.71
2000	2125.2
2000	2128.23
2000	2155.96
2000	2117.76
2000	2090.55
2000	2068.88
2000	2081.33
2000	2075.31
2000	2069.77
2000	2052.65
2000	2041.4
2000	2026.65
2000	2002.76
2000	2040.32
2000	2020.52
2000	2009.41
2000	2033.04
2000	2024.32
2000	2008.57
2000	2030.05
2000	2044.63
2000	2058.76
2000	2057.01
2000	2075.98
2000	2059.64
2000	2056.57
2000	2037.32
2000	2026.23
2000	2039.68
2000	2040.97
2000	2030.27
2000	2029.2
2000	2041.83
2000	2033.25
2000	2032.4
2000	2038.39
2000	2071.09
2000	2072.2
2000	2070.43
2000	2070.21
2000	2100.98
2000	2100.07
2000	2068.0
2000	2074.87
2000	2057.67
2000	2062.05
2000	2062.27
2000	2087.39
2000	2094.85
2000	2090.1
2000	2117.99
2000	2144.73
2000	2131.51
2000	2140.23
2000	2157.88
2000	2144.02
2000	2120.31
2000	2148.78
2000	2123.56
2000	2134.33
2000	2118.45
2000	2121.47
2000	2145.92
2000	2158.12
2000	2171.19
2000	2148.54
2000	2146.4
2000	2149.73
2000	2159.81
2000	2173.38
2000	2174.11
2000	2175.09
2000	2151.41
2000	2179.01
2000	2195.81
2000	2231.75
2000	2249.12
2000	2247.81
2000	2237.42
2000	2227.38
2000	2247.55
2000	2271.01
2000	2267.02
2000	2284.41
2000	2271.55
2000	2178.03
2000	2207.83
2000	2211.11
2000	2185.15
2000	2192.33
2000	2209.09
2000	2199.8
2000	2209.59
2000	2203.81
2000	2224.83
2000	2226.87
2000	2220.23
2000	2220.49
2000	2238.98
2000	2244.43
2000	2275.02
2000	2279.03
2000	2271.28
2000	2302.06
2000	2290.9
2000	2311.41
2000	2308.93
2000	2330.88
2000	2346.42
2000	2326.12
2000	2282.79
2000	2300.42
2000	2263.58
2000	2239.49
2000	2217.94
2000	2234.07
2000	2254.88
2000	2262.26
2000	2269.68
2000	2232.52
2000	2246.25
2000	2255.93
2000	2252.52
2000	2259.62
2000	2268.62
2000	2281.18
2000	2284.95
2000	2297.15
2000	2297.69
2000	2295.24
2000	2303.43
2000	2261.73
2000	2238.46
2000	2229.69
2000	2216.68
2000	2173.63
2000	2197.8
2000	2193.32
2000	2165.12
2000	2176.8
2000	2199.3
2000	2204.81
2000	2213.38
2000	2190.59
2000	2155.24
2000	2159.56
2000	2174.85
2000	2137.39
2000	2117.06
2000	2095.53
2000	2079.77
2000	2085.37
2000	2080.89
2001	2054.83
2001	2031.76
2001	2047.22
2001	2038.82
2001	2059.64
2001	2033.25
2001	2028.56
2001	2053.74
2001	2057.23
2001	2060.73
2001	2058.98
2001	2059.86
2001	2084.25
2001	2083.35
2001	2098.25
2001	2105.32
2001	2083.57
2001	2058.54
2001	2058.32
2001	2054.39
2001	2077.09
2001	2076.42
2001	2100.07
2001	2098.48
2001	2084.7
2001	2087.62
2001	2109.68
2001	2124.73
2001	2101.67
2001	2134.8
2001	2117.06
2001	2126.6
2001	2113.13
2001	2093.71
2001	2068.0
2001	2080.89
2001	2086.72
2001	2080.44
2001	2079.32
2001	2069.32
2001	2088.29
2001	2104.18
2001	2108.76
2001	2152.36
2001	2153.8
2001	2170.21
2001	2167.06
2001	2185.4
2001	2192.33
2001	2207.33
2001	2143.78
2001	2146.64
2001	2165.85
2001	2147.11
2001	2164.63
2001	2190.35
2001	2188.12
2001	2154.04
2001	2150.93
2001	2164.15
2001	2148.3
2001	2145.92
2001	2181.46
2001	2173.87
2001	2174.85
2001	2166.09
2001	2183.92
2001	2193.57
2001	2207.07
2001	2214.14
2001	2191.83
2001	2196.56
2001	2206.07
2001	2211.86
2001	2229.44
2001	2255.41
2001	2250.43
2001	2253.83
2001	2255.67
2001	2262.52
2001	2283.87
2001	2287.38
2001	2266.49
2001	2287.11
2001	2286.57
2001	2279.57
2001	2284.95
2001	2266.76
2001	2280.11
2001	2235.36
2001	2256.46
2001	2261.2
2001	2274.48
2001	2264.11
2001	2270.48
2001	2249.64
2001	2245.73
2001	2275.02
2001	2283.33
2001	2290.08
2001	2278.76
2001	2290.63
2001	2299.06
2001	2309.48
2001	2289.0
2001	2265.96
2001	2248.6
2001	2267.82
2001	2267.56
2001	2255.93
2001	2273.68
2001	2243.65
2001	2219.72
2001	2206.32
2001	2231.75
2001	2223.55
2001	2209.34
2001	2212.62
2001	2211.61
2001	2196.06
2001	2198.8
2001	2199.05
2001	2208.33
2001	2209.59
2001	2187.13
2001	2166.81
2001	2153.56
2001	2159.08
2001	2124.5
2001	2117.53
2001	2118.92
2001	2116.37
2001	2121.24
2001	2100.98
2001	2124.96
2001	2125.9
2001	2130.11
2001	2122.63
2001	2128.93
2001	2114.29
2001	2134.33
2001	2158.6
2001	2177.78
2001	2186.64
2001	2162.94
2001	2140.23
2001	2160.05
2001	2137.16
2001	2088.97
2001	2091.9
2001	2091.45
2001	2091.23
2001	2104.64
2001	2112.9
2001	2110.14
2001	2100.3
2001	2103.49
2001	2120.54
2001	2121.93
2001	2107.16
2001	2102.58
2001	2123.8
2001	2110.6
2001	2101.44
2001	2106.24
2001	2119.38
2001	2136.69
2001	2141.89
2001	2139.05
2001	2146.16
2001	2145.21
2001	2149.26
2001	2158.84
2001	2171.43
2001	2150.21
2001	2136.22
2001	2141.41
2001	2128.47
2001	2138.1
2001	2160.77
2001	2148.06
2001	2158.12
2001	2168.27
2001	2189.85
2001	2199.55
2001	2194.07
2001	2189.11
2001	2202.05
2001	2194.32
2001	2202.55
2001	2205.82
2001	2201.55
2001	2195.81
2001	2203.31
2001	2192.58
2001	2178.76
2001	2176.07
2001	2169.49
2001	2175.09
2001	2170.94
2001	2178.27
2001	2172.89
2001	2187.87
2001	2173.63
2001	2166.33
2001	2157.4
2001	2147.59
2001	2139.76
2001	2148.54
2001	2155.48
2001	2157.88
2001	2165.12
2001	2200.8
2001	2194.57
2001	2197.06
